ID;Description
1;Bart³omiej
2;Wojtek
3;Michal Gutowski
4;Michal Gutowski
5;Ana
6;Bartek
7;Joanna
8;Daniel
9;Daniel
10;Ma³gorzata
11;Maja
12;Piotrek K
13;Dominik
14;Marcin
15;Annia
16;Mariusz
17;Konrad
18;Konrad
19;Konrad
20;Konrad
21;Przemek (pplx)
22;Filip
23;alkazelcer
24;Szymon
25;Damian
26;zolwixx
27;Micha³
28;stifmiester
29;Noneofyourbusiness Smith
30;Paulina
31;marcin
32;Patryk
33;Ewa
34;Przemek
35;Micha³
36;szop
37;Magnes
38;Piotr
39;Peter
40;Mirka
41;Dominik
42;Anuszka
43;Kruk
44;Szymon
45;Piotrek
46;TOMZI-wykop-hehe
47;Alvar
48;Atek
49;heheszki
50;premboj
51;Michal Meller
52;mat
53;Marta
54;Oskier
55;Artur
56;sugas
57;Aleksandra
58;Kuba
59;Mick
60;Beata
61;Anna
62;Tomasz
63;Arletta
64;Adam
65;Mateusz
66;Marek
67;Boro
68;Piotr
69;Andrzej
70;Maciej
71;Kuba
72;asdf
73;Michael
74;Archie
75;Micha³
76;Damcio
77;Damcio
78;Wojciech
79;Fiodor Dossssstojewski
80;Wojciech
81;Cookie
82;jonzi
83;Wojciech
84;Pfft
85;Adrian Felsztynski
86;Pawe³
87;Pawe³
88;Karolina
89;Micha³
90;Krzychu
91;Natalia 
92;Wojtek
93;Dominik
94;magda
95;Pablo
96;Micha³
97;Dawid Paluchowicz
98;MAGDA 
99;Duke_Nukem
100;Kuba
101;Jaros³aw 
102;Adam
103;Piotr
104;Alek
105;Justyna
106;Adam
107;Justyna
108;Gregory
109;Michal
110;Mirko_Vucinic
111;Lukasz
1110;Ania
1111;evanna
1112;Kasia
1113;Wiktor
1114;Agata
1115;Karolina
1116;Magda
1117;weraa3
1118;Gocha
1119;Agata
1120;Piotr 
1121;Marcin
1122;df
1123;asdad
1124;marta
1125;Weronika
1126;Marcin
